station_id,station,spotify_link,description_en
1,Ikebukuro,https://open.spotify.com/playlist/1vkqXpjumZFB98m1iG5XHA?si=O55aOoIFRBCve26-b5-9vQ,"Ikebukuro is known for its blend of modern and traditional culture, electronics, anime and shopping. This smaller rival to Akihabara is home to Otome road; dotted with butler cafe, independent and large manga publishers. One of Japan’s best shopping malls, in Ikebukuro, home to an aquarium, observation deck, a luxury hotel and an amusement park among others.To the station’s west, a series of theatres and a concert hall are housed in a national art center, where street performers can often be seen entertaining delighted crowds"
2,Mejiro,https://open.spotify.com/playlist/09B0PkagncO6QGmUlVVqsd?si=3zL4aXGDRz-fGw0GNM4UWw,"A wealthy residential area, Mejiro offers a refreshing break from many of the more famous areas of Tokyo. The area has historically been home to Japanese aristocracy and government officials, with its central hill housing Edo era feudal lords. The surrounding area is now home to high class residences and the picturesque Mejiro gardens.
The nearby shopping street offers an array of affordable shops, restaurants and bars. Mejiro is a small and relaxed area, perfect for a relaxed day of exploration."
3,Takadanobaba,https://open.spotify.com/playlist/7sGrluA8JMhs40xp6awWS2?si=t4qJKguvTjeOr3q8BA5uwg,"Often simply referred to as ‘Baba,’ Takadanobaba was established in 1636 as the favourite horse riding location of Tokugawa shogun Iemitsu. The area is also famous for being the birthplace of a popular retro manga character. The area is also home to a number of universities and vocational schools, punctuated by a large entertainment centre that houses an arcade, bookstore, shopping and restaurants."
4,Shin-Ōkubo,https://open.spotify.com/playlist/74pB0tD3IssaYXqgMGXJ86?si=e1a1YTHFRteQhQR1nn2OXw,"Shin-Okubo is sometimes likened to a Korean themed Akihabara, with its extensive offering of Korean cuisine and Hallyu culture. Situated near the station, Okubo-dori is a shopping street dotted with Korean clothing outlets, pop-culture and restaurants serving kimchi, Korean barbecue, bibimbap and much more. Shin-Okubo also has many unique entertainment options, from K-pop cafes to Korean themed clubs and bars."
5,Shinjuku,https://open.spotify.com/playlist/7kaatDYY2z6SdgChRcRail?si=pxa-d4I5Q0SzwwgjBd73DA,"As the world’s busiest station, Shinjuku transits one of the highest numbers of commuters in the world every day and is surrounded by bustling underground shopping malls and a vibrant station exit, lined with promoters and live music performers. West of the station is Shinjuku's Metropolitan Government Office and its free observation deck; while evening visitors head to Golden-Gai, lined with improbably small bars at the core of Kabuki-cho, Tokyo’s largest red light district. Once the estate of a feudal lord, the nearby Shinjuku Gyoen National Garden is the perfect escape from the bustling streets, after seeing the sights."
6,Yoyogi,https://open.spotify.com/playlist/5E5NUa83ZtkmR5Ryi6glls?si=hvuAmTEGTG-AP7OHdOke9g,"Though located just within 10min walk away from one of the Tokyo's busiest station Shinjuku, Yoyogi provides quite a laid back atmosphere. Leaving the station, nearby Meiji Jingū commemorates Japan’s 19th century modernisation and is named for emperor Meiji, who initiated this era of rapid development. When you are around, be sure to venture into the surrounding area for a glimpse of high class residential life and to experience a range of local restaurants and cafes."
7,Harajuku,https://open.spotify.com/playlist/2VFkFsb6mWeUDSiQT6E3Zt?si=EOXs1rEWRNSRAmFqEnbVBg,"Beyond the famous Harajuku station lie the Meiji shrine’s historic gardens, dedicated to the influential 19th century emperor of the same name; and Yoyogi Park, offering an escape from the hustle and bustle of Japan’s fashion capital.
Being synonymous with Japanese fashion culture, Harajuku encompasses Takeshita-street, the lively centre of youth fashion; and Omotesando’s tree lined streets, which are home to global designer brands, housed in breathtaking contemporary architecture."
8,Shibuya,https://open.spotify.com/playlist/3xhq31UbtMMsiQ6q6OMvSN?si=NS1YlaZpSNm2uqs8t6ONXg,"Shibuya is the vibrant core of Japan’s modern image, home to the world famous Scramble Crossing and its massive LED advertisements, the newly developed Scramble Square and the beloved Hachiko statue. Behind its flashy exterior, Shibuya is home to many more relaxed restaurants and cultural sites. Be sure to visit destinations such as the local cultural museum, the new national theatre and Konno Hachimangu Shrine, once the home of the Shibuya family, for which the area is believed to be named."
9,Ebisu,https://open.spotify.com/playlist/0WCGPGwnf01xPw01Q8RwA6?si=mD5BnQqlTDK4ZnvqzNg4fQ,"Ebisu, named after a local Beer brand and a Japanese God of Fortune, has evolved into an affluent business district, home to international firms; alongside a high concentration of izakaya, ramen shops, restaurants and cafés.
Ebisu is home to a Museum of Photography and a local beer Museum which serves an array of local beers on tap, under its majestic arched ceiling.
An unexpectedly relaxed area, with a diverse array of dining and entertainment options, Ebisu is certain to delight."
10,Meguro,https://open.spotify.com/playlist/549BcHUfMbsAlL1eQyBPy0?si=v-owJl_lQxeK8I3x0BqIzQ,"Meguro is more relaxed than its neighbour Ebisu; and is home to a huge range of museums, parks and foreign embassies. There are many museums including photography, art, and a theare, all ideal destinations for curious travelers.
Nearby Nakameguro’s riverside cafes, wine bars, and abundance of cherry blossom trees are not to be missed for those seeking respite from the bustling areas that surround this idyllic district."
11,Gotanda,https://open.spotify.com/playlist/099FBg7H2Eu0MNJpciea8N?si=RsELF5BqRjWQkJn9I4AQLg,"Gotanda is a quiet residential area populated with small shrines, temples, a national Design Center and a Museum of Contemporary Art. The area is dotted with atmospheric bars and affordable restaurants to service the nearby corporate offices. Gotanda Station’s west side is a great place to view cherry blossoms in spring along the Meguro river and avoid the heavy crowds."
12,Ōsaki,https://open.spotify.com/playlist/6X730MbughQa4dGaVQW9S4?si=QBAg-aX-T3uMxNHAnlJtRg,"Osaki has a laid back atmosphere, removed from the usual Tokyo hustle and bustle and has been gaining popularity over the past few years, since the Saikyo, Shonan-Shinjuku and Rinkai lines were added.
Connected to the station, a large development houses a mall and art museum, with rotating contemporary exhibits; and an architecturally impressive adjacent development with two mixed residential and commercial towers. Also be sure to visit the other nearby mall with its elegant gardens bordered by restaurants and rooftop plaza with views of Tokyo Bay."
13,Shinagawa,https://open.spotify.com/playlist/3UFUDxG73iR6cTLTaqnJbL?si=WOnTAi0wQySd3N9aVaQA_w,"One of Tokyo's busiest rail hubs, Shinagawa was important in the early 1600s as the first of fifty-three post towns along the Tokaido route. Tokyo’s expanding city center eventually enveloped Shinagawa and the area is now home to an array of shopping malls, food and entertainment options. The station’s east side is populated by modern buildings and corporate offices; and nestled beneath the train tracks you’ll find famous local Ramen and Donburi street offering a range of affordable meals."
14,Tamachi,https://open.spotify.com/playlist/0lTXgVstG62qezR8DjqvXI?si=HTT6Af5CQ3miPRHWc--UPQ,"Tamachi was established around 1900 on land reclaimed from Tokyo bay. Despite being part of Minato, one of Tokyo’s main business districts, the area around Tamachi station is relatively modest and reserved, being home to local cafes and soba shops amongst a quiet residential area. The north side of the station is lined with impressively compact bars and restaurants, that offers a great blend of university students and salarymans."
15,Hamamatsuchō,https://open.spotify.com/playlist/3Az3QhR3sAghHDp0bDWwJp?si=DkMYIWf2QqmKXBFH1xQ7FQ,"The Hamamatsucho district is a bustling commercial ward, providing access to the Tokyo Bay area and Odaiba. A short walk from Hamamatsucho station, the famed 17th century Hamarikyu Gardens offer views among pine trees of flower gardens and autumn leaves; and a traditional tea house, perched at the centre of an idyllic pond. The nearby Kyu Shiba Rikyu Gardens, built on Edo era Imperial Grounds, are considered to be among the most beautiful in Japan, and are scattered with bridges, islands, a waterfall and beach."
16,Shimbashi,https://open.spotify.com/playlist/5uNWDS15Pe24Ie5Ai76vkw?si=oqYj6FqlQRGBh6gSZeYniw,"The bustling Shimbashi, or ‘New Bridge,’ area is dotted with the offices of Japanese and foreign companies and offers seemingly limitless dining and entertainment options catering to its resident workers. The station itself is within walking distance to the Hamarikyu Gardens, the famed Ginza shopping district. Be sure to explore the vibrant surroundings of Tokyo’s first rail terminal."
17,Yūrakuchō,https://open.spotify.com/playlist/2k9QV5fHqebrWf58nJOXI4?si=XzZEytEyQqWAkOBhJTogAw,"Yūrakuchō offers a fleeting insight into Japan’s early postwar lifestyle, in contrast with its more modern neighbour Ginza; and encompasses the Hibiya district, where the tranquil Hibiya Park offers respite to weary office workers. Beneath the rail line near Yūrakuchō station you’ll find izakayas, restaurants and outdoor food stalls, with offerings to suit any taste. The area is also home to more than seven theaters and convention centres; and within a two block walk you will reach Tokyo’s beautiful Imperial Palace estate."
18,Tokyo,https://open.spotify.com/playlist/4pEKslnXfpA43EUvpIDfyM?si=FD9Jk5syRUGAD5DrUcDYKw,"Tokyo station is located at the heart of Japan’s financial and business district. Surrounded by the glass monoliths of global corporations and shopping malls, the station is just a short walk to the nation's Imperial Palace, with its tranquil gardens and Edo era stone architecture. Be sure to explore the station’s surroundings for a plethora of world class yet discreet dining and shopping options."
19,Kanda,https://open.spotify.com/playlist/7J9d4fL6Uk9M6vGr7zrK4Q?si=T57wrTM6S1CU6IsZdS8ctg,"Kanda station is surrounded is a short walk from Tokyo’s Imperial Palace and Tokyo station. Its high rise corporate buildings are contrasted by an array of independent clothing shops, international restaurants and arcade bars, all on the underside of atmospheric arched rail bridges.
A major cultural destination in Kanda is the nearby Hongo Dori houses shops selling genuine Japanese katana, armor and traditional clothing."
20,Akihabara,https://open.spotify.com/playlist/41ha7H2dSmQYHNoDlfFQq9?si=-tprQlB-SoylI19HSSysSQ,"Akihabara is the heart of Japanese pop culture and a central district for video games, anime, manga and electronics. It was nicknamed Electric Town after WWII as a major shopping center for electronic goods; and the industry is so significant here that the local Kanda Myojin Shrine sells charms for success in IT business, shaped as data chips.
Its famous cafe scene includes animal, maid, butler, idol group and video game themed cafes. Akihabara has grown quite tall, so be sure to check out the higher floors of buildings for hidden gems."
21,Okachimachi,https://open.spotify.com/playlist/0rHso2cKb7vLAg7MWvVMAz?si=EIP-4FhXTs65sHy9_KCr0w,"Okachimachi is a densely packed destination for both locals and tourists alike. The track side street market running from Okachimachi station to Ueno started out as a post war black market and has now become a hub for cheap foods and old school haggling. One of the famous areas is the local street market, known for its fast talking candy vendors and international food stalls. Having evolved from its original meaning of “respectfully walking town,” Okachimachi is sure to offer a lively and bustling adventure."
22,Ueno,https://open.spotify.com/playlist/2kucNBCTpK4BgR4qPEfMsD?si=j31dAr_tRvKmS6LSq8bNvg,"Best known for Ueno Park and Japan’s oldest zoo, Ueno was once a working class area that surrounded a grand temple complex, whose ruins lay near the sole surviving Kaneiji Temple. Running alongside the train line between Ueno and Okachimachi stations is the famous local street market; and surrounding the park and train station are an array of museums. These include the National Museum, a museum of western art, nature and science, an art museum and the Royal Museum."
23,Uguisudani,https://open.spotify.com/playlist/4uF1NF9S9dzlFn5x05zCG3?si=s5Cm6dQNQ9GXHlhPo8UO5g,"Uguisudani Station is named for the many Japanese bush warblers, or uguisu, that once lived here and sits at the north end of Ueno Park. It is a relatively crowd-free place to view cherry blossoms in spring. To the east side of the station is the great place to enjoy public bathhouse, which are the favourite destination for local residents and students from the surrounding university."
24,Nippori,https://open.spotify.com/playlist/4hRorM05hGSTQomwHxmrmE?si=kixB1I0pSdOr2jbKSYwyKQ,"Nippori balances traditional Japanese life with its modern city surroundings. Among the concrete laden station area, you’ll find centuries old family businesses and period wooden houses.The Yanaka neighbourhood is the place to go to see cats if you're lucky; and for cat themed goods. South of the station is Tennoji temple and Yanaka cemetery, the burial site of the last Tokugawa shogun; and to the station’s east you'll find Nippori Textile Town. Sando road that runs through Yanaka cemetery is popular for its density of cherry blossom trees."
25,Nishi-Nippori,https://open.spotify.com/playlist/0AEFCpnGjijpn3rVN0cxnC?si=-JleD-eRT86cNak6rTRzeA,"Nishi-Nippori offers a more sentimental and understated experience of Tokyo’s quiet side. It is noteworthy for its many peaceful walks, through beautiful and respectfully designed historic cemeteries; with a series of burial mounds and cemeteries leading all the way to Ueno. Leaving the station, the nearby Suwa shrine, founded around the year 1200 and neighbouring Nishi-Nippori Park offer a peaceful local experience not often found in bustling Tokyo."
26,Tabata,https://open.spotify.com/playlist/5CnOItw4VMdptIoRuwyEbC?si=5fARg5gmTViD3olKiV_6-w,"Tabata is a small haven for those seeking Tokyo’s literary and artistic history. The area was once brimming with artisans and writers, as an affordable rural village within walking distance to Tokyo’s original School of Fine Arts. You can now learn about this era at a nearby memorial museum of writers and artists, a short walk from the station. It features works from some of Japan’s most renowned wordsmiths, artists and sculptors."
27,Komagome,https://open.spotify.com/playlist/38ulNCz6GuJi1h74UaOX8A?si=YCSBlI5lQKKfrjJke0KXnw,"As one of Tokyo’s quieter residential areas, Komagome doesn’t attract huge crowds, but is home to two of Tokyo‘s profoundly beautiful destinations, the Rikugien and the Kyu Furukawa gardens. With its hand crafted hills, forested areas, bridges and stone lanterns, Rikugien is among the most scenic locations in the city. The equally alluring Kyu Furukawa Garden houses an English country manor, overlooking an array of exquisite, natural Japanese gardens.
Popular among photography enthusiasts, Komagome’s gardens are a perfect respite from the hustle and bustle of central Tokyo."
28,Sugamo,https://open.spotify.com/playlist/20GXtRpgGnt2r2GVhNNF76?si=moqEQBAmQQOuwBtNMb9uXg,"Sometimes affectionately called “Grandma’s Harajuku,” Sugamo offers a great shopping experience to eldery folks; selling its famous red clothing, green tea, and traditional Japanese sweets in Sugamo Jizo Dori. Though the majority of the visiors are eldery, tranquil and friendly atmosphere of Sugamo would certainly offers an delightful experince to younger generations and international visitors.
"
29,Ōtsuka,https://open.spotify.com/playlist/3fnqEPvz47plCCh451TTtw?si=V85i47VQQtiZv5IrTM8wdA,"The quaint Otsuka station and surrounding area have the vibe of traditional downtown Tokyo and Gokoku-ji temple, built in the 1600s, is known as one of Tokyo’s only surviving temples from this era. 
Be sure to visit the many famous seafood, onigiri and yakitori restaurants scattered throughout the neighbourhood; and after sightseeing and restaurant hopping, transfer from Otsuka-ekimae for a nostalgic trip heading toward either Waseda or Minowabashi"
30,Takanawa Gateway,https://open.spotify.com/playlist/0skhZUmDEKE0tangg1FWsC?si=h8vzlksuQP2zInbCFSUg3Q,"Takanawa Gateway is the Yamanote’s newest addition, located between Shinagawa and Tamachi stations. The west side of this modern station is a great place to visit traditional Japanese temples and Shrines, which includes Sengaku-ji and Takanawa Shrine. Also, be sure to visit the nearby Shibaura Chuo Park, with its beautiful rose gardens; as well as Shinagawa Season Terrace for its panoramic views of Tokyo."